ID|transcription|normalized transcription
aan de andere kant ontmoette hij een eenvoudig meisje gekleed in haveloze kleren|aan de andere kant ontmoette hij een eenvoudig meisje gekleed in haveloze kleren|aan de andere kant ontmoette hij een eenvoudig meisje gekleed in haveloze kleren
aan het einde van het veld waren er rotsen en struiken|aan het einde van het veld waren er rotsen en struiken|aan het einde van het veld waren er rotsen en struiken
achter hen hing een taxistandplaats een foto van meneer Mandela|achter hen hing een taxistandplaats een foto van meneer Mandela|achter hen hing een taxistandplaats een foto van meneer Mandela
achtervolg dit varken alsjeblieft|achtervolg dit varken alsjeblieft|achtervolg dit varken alsjeblieft
afranklin temperaturen onder de graad er zijn ook harde wind|afranklin temperaturen onder de graad er zijn ook harde wind|afranklin temperaturen onder de graad er zijn ook harde wind
Ajax Kaapstad en Juventus speelden gelijkmatig|Ajax Kaapstad en Juventus speelden gelijkmatig|Ajax Kaapstad en Juventus speelden gelijkmatig
al snel spruitten zijn zaden uit de grond op zoek naar zon|al snel spruitten zijn zaden uit de grond op zoek naar zon|al snel spruitten zijn zaden uit de grond op zoek naar zon
al zijn haar was verbrand in het vuur|al zijn haar was verbrand in het vuur|al zijn haar was verbrand in het vuur
alberton graden zijn graden|alberton graden zijn graden|alberton graden zijn graden
alle dieren hadden zachte grond nodig en geen cement of beton|alle dieren hadden zachte grond nodig en geen cement of beton|alle dieren hadden zachte grond nodig en geen cement of beton
als het tijd is om naar bed te gaan, zingt hij voor ons totdat we in slaap vallen|als het tijd is om naar bed te gaan, zingt hij voor ons totdat we in slaap vallen|als het tijd is om naar bed te gaan, zingt hij voor ons totdat we in slaap vallen
als ik een traditioneel drankje had, zou het goed passen bij mijn diner vanavond|als ik een traditioneel drankje had, zou het goed passen bij mijn diner vanavond|als ik een traditioneel drankje had, zou het goed passen bij mijn diner vanavond
als ze op weg naar huis van school huilt, bezoekt ze een sinaasappelboom|als ze op weg naar huis van school huilt, bezoekt ze een sinaasappelboom|als ze op weg naar huis van school huilt, bezoekt ze een sinaasappelboom
als ze ziek waren, was er niemand om hen te helpen|als ze ziek waren, was er niemand om hen te helpen|als ze ziek waren, was er niemand om hen te helpen
als zijn vrienden probeerden de rivier over te steken, zouden ze allemaal verdrinken|als zijn vrienden probeerden de rivier over te steken, zouden ze allemaal verdrinken|als zijn vrienden probeerden de rivier over te steken, zouden ze allemaal verdrinken
Arsenal en club atl tico de madrid speelden zaterdag op Outeniqua Park|Arsenal en club atl tico de madrid speelden zaterdag op Outeniqua Park|Arsenal en club atl tico de madrid speelden zaterdag op Outeniqua Park
auto en Lamboo vinden een klaslokaal|auto en Lamboo vinden een klaslokaal|auto en Lamboo vinden een klaslokaal
bedankt dat je de speler op de vleugel hebt laten scoren|bedankt dat je de speler op de vleugel hebt laten scoren|bedankt dat je de speler op de vleugel hebt laten scoren
behaalde de derde plaats in de recent gevormde economische bevrijdingsbeweging|behaalde de derde plaats in de recent gevormde economische bevrijdingsbeweging|behaalde de derde plaats in de recent gevormde economische bevrijdingsbeweging
bekend als een van de meest waardevolle parken|bekend als een van de meest waardevolle parken|bekend als een van de meest waardevolle parken
beweert het eerste nieuws- en chatkanaal in Johannesburg te zijn|beweert het eerste nieuws- en chatkanaal in Johannesburg te zijn|beweert het eerste nieuws- en chatkanaal in Johannesburg te zijn
beïnvloedt temperaturen van vier graden|beïnvloedt temperaturen van vier graden|beïnvloedt temperaturen van vier graden
bidvest wits en bloem celtic spelen dinsdagochtend bij goble park|bidvest wits en bloem celtic spelen dinsdagochtend bij goble park|bidvest wits en bloem celtic spelen dinsdagochtend bij goble park
bidvest wits neaston villa spelen op zaterdagavond in outeniqua park|bidvest wits neaston villa spelen op zaterdagavond in outeniqua park|bidvest wits neaston villa spelen op zaterdagavond in outeniqua park
bij de volgende sprong sprong hij de stad in|bij de volgende sprong sprong hij de stad in|bij de volgende sprong sprong hij de stad in
bij lage temperaturen de mate waarin lucht aanwezig is|bij lage temperaturen de mate waarin lucht aanwezig is|bij lage temperaturen de mate waarin lucht aanwezig is
bij lage temperaturen en er is een deel van de doelwolk|bij lage temperaturen en er is een deel van de doelwolk|bij lage temperaturen en er is een deel van de doelwolk
bij Lake Linderman had ik een kano, een zeer goede Peterborough-kano|bij Lake Linderman had ik een kano, een zeer goede Peterborough-kano|bij Lake Linderman had ik een kano, een zeer goede Peterborough-kano
bij mensendorp temperaturen beneden de graad dat er hagel is|bij mensendorp temperaturen beneden de graad dat er hagel is|bij mensendorp temperaturen beneden de graad dat er hagel is
bij temperaturen en er is zon in de hermanus|bij temperaturen en er is zon in de hermanus|bij temperaturen en er is zon in de hermanus
blijf hier en vertel het aan domino|blijf hier en vertel het aan domino|blijf hier en vertel het aan domino
blijf Zuid-Afrikaanse kinderen opvoeden|blijf Zuid-Afrikaanse kinderen opvoeden|blijf Zuid-Afrikaanse kinderen opvoeden
bloem celtic en newcastle united speelden beide op zaterdag in het voetbalstadion|bloem celtic en newcastle united speelden beide op zaterdag in het voetbalstadion|bloem celtic en newcastle united speelden beide op zaterdag in het voetbalstadion
breng nu een bord zodat ik vandaag mijn hek kan repareren|breng nu een bord zodat ik vandaag mijn hek kan repareren|breng nu een bord zodat ik vandaag mijn hek kan repareren
cato nok temperaturen zijn onder graden|cato nok temperaturen zijn onder graden|cato nok temperaturen zijn onder graden
Chris Bright kreeg een penalty van de scheidsrechter|Chris Bright kreeg een penalty van de scheidsrechter|Chris Bright kreeg een penalty van de scheidsrechter
clubs en voetbalclubs en steden groeiden en lieten herinneringen met rust|clubs en voetbalclubs en steden groeiden en lieten herinneringen met rust|clubs en voetbalclubs en steden groeiden en lieten herinneringen met rust
coega graden zullen zijn|coega graden zullen zijn|coega graden zullen zijn
daarom de woede van het geld op de meest onmiddellijke betaling die hij zal ontvangen|daarom de woede van het geld op de meest onmiddellijke betaling die hij zal ontvangen|daarom de woede van het geld op de meest onmiddellijke betaling die hij zal ontvangen
dan laat hij de stad rusten en gaat naar de koper van goud|dan laat hij de stad rusten en gaat naar de koper van goud|dan laat hij de stad rusten en gaat naar de koper van goud
dan zullen ze zich omdraaien en hem daar achterlaten zonder een woord tegen hem te zeggen|dan zullen ze zich omdraaien en hem daar achterlaten zonder een woord tegen hem te zeggen|dan zullen ze zich omdraaien en hem daar achterlaten zonder een woord tegen hem te zeggen
dat geluid veroorzaakte dominostenen|dat geluid veroorzaakte dominostenen|dat geluid veroorzaakte dominostenen
Dat is een goed ding|Dat is een goed ding|Dat is een goed ding
dat is uw wisselgeld, meneer|dat is uw wisselgeld, meneer|dat is uw wisselgeld, meneer
de bewaker dronk een glas mousserende wijn|de bewaker dronk een glas mousserende wijn|de bewaker dronk een glas mousserende wijn
De boerderij is opgedeeld in woonwijken en wordt kempten genoemd achter de stad Duitse abavaria|De boerderij is opgedeeld in woonwijken en wordt kempten genoemd achter de stad Duitse abavaria|De boerderij is opgedeeld in woonwijken en wordt kempten genoemd achter de stad Duitse abavaria
De Cato Ridge-temperaturen zijn onder nul graden Celsius|De Cato Ridge-temperaturen zijn onder nul graden Celsius|De Cato Ridge-temperaturen zijn onder nul graden Celsius
de chauffeur was aan het praten op zijn mobiele telefoon|de chauffeur was aan het praten op zijn mobiele telefoon|de chauffeur was aan het praten op zijn mobiele telefoon
De coach verving de olifant door de olifant en het spel liep bijna ten einde|De coach verving de olifant door de olifant en het spel liep bijna ten einde|De coach verving de olifant door de olifant en het spel liep bijna ten einde
De coach verving de pauze door de wedstrijd die net begon|De coach verving de pauze door de wedstrijd die net begon|De coach verving de pauze door de wedstrijd die net begon
De coach verving Gabadinho Mhango aan het einde van de wedstrijd|De coach verving Gabadinho Mhango aan het einde van de wedstrijd|De coach verving Gabadinho Mhango aan het einde van de wedstrijd
De coach verving Jeremy Brockie door Kgomotso in de beginfase van de wedstrijd|De coach verving Jeremy Brockie door Kgomotso in de beginfase van de wedstrijd|De coach verving Jeremy Brockie door Kgomotso in de beginfase van de wedstrijd
De coach verving Sheldon van Wyk tijdens de wedstrijd|De coach verving Sheldon van Wyk tijdens de wedstrijd|De coach verving Sheldon van Wyk tijdens de wedstrijd
de coach verving shu aib walters door motamai ramatsa die net aan de wedstrijd was begonnen|de coach verving shu aib walters door motamai ramatsa die net aan de wedstrijd was begonnen|de coach verving shu aib walters door motamai ramatsa die net aan de wedstrijd was begonnen
de coach verving shu aib walters kort na de start van de wedstrijd door motamai ramatsa|de coach verving shu aib walters kort na de start van de wedstrijd door motamai ramatsa|de coach verving shu aib walters kort na de start van de wedstrijd door motamai ramatsa
de dag is een tijd om voedsel te verzamelen|de dag is een tijd om voedsel te verzamelen|de dag is een tijd om voedsel te verzamelen
De doelman Tokelo Rantie van de jongens blokkeerde vier punten in de wedstrijd|De doelman Tokelo Rantie van de jongens blokkeerde vier punten in de wedstrijd|De doelman Tokelo Rantie van de jongens blokkeerde vier punten in de wedstrijd
De doelman van de jongens bedankte ons en scoorde een hattrick in de wedstrijd|De doelman van de jongens bedankte ons en scoorde een hattrick in de wedstrijd|De doelman van de jongens bedankte ons en scoorde een hattrick in de wedstrijd
De doelman van de jongens, urivaldo coetzee, redde de punten die in de wedstrijd gescoord hadden moeten worden|De doelman van de jongens, urivaldo coetzee, redde de punten die in de wedstrijd gescoord hadden moeten worden|De doelman van de jongens, urivaldo coetzee, redde de punten die in de wedstrijd gescoord hadden moeten worden
De doelman van de jongens, Uthulani Hlatshwayo, blokkeerde een paar punten in de wedstrijd|De doelman van de jongens, Uthulani Hlatshwayo, blokkeerde een paar punten in de wedstrijd|De doelman van de jongens, Uthulani Hlatshwayo, blokkeerde een paar punten in de wedstrijd
De doelman Waynene Sandilands van de jongens blokkeerde een score in de wedstrijd|De doelman Waynene Sandilands van de jongens blokkeerde een score in de wedstrijd|De doelman Waynene Sandilands van de jongens blokkeerde een score in de wedstrijd
de dorpeling keek onder de struiken|de dorpeling keek onder de struiken|de dorpeling keek onder de struiken
De Engelse Premier League-kampioen Leicester City versloeg Norwich City met vier punten|De Engelse Premier League-kampioen Leicester City versloeg Norwich City met vier punten|De Engelse Premier League-kampioen Leicester City versloeg Norwich City met vier punten
de ezel at gras bij de vijver|de ezel at gras bij de vijver|de ezel at gras bij de vijver
De giraf kwam met flessen bruisend bronwater om dat heerlijke eten naar beneden te halen|De giraf kwam met flessen bruisend bronwater om dat heerlijke eten naar beneden te halen|De giraf kwam met flessen bruisend bronwater om dat heerlijke eten naar beneden te halen
de graden waren graden|de graden waren graden|de graden waren graden
de haan vertelde de dieren dat de ring om zijn hoofd in brand stond|de haan vertelde de dieren dat de ring om zijn hoofd in brand stond|de haan vertelde de dieren dat de ring om zijn hoofd in brand stond
de keeper zoog de fles leeg|de keeper zoog de fles leeg|de keeper zoog de fles leeg
de laatste keer dat ze niesde, schudde ze al mijn rode bloemen|de laatste keer dat ze niesde, schudde ze al mijn rode bloemen|de laatste keer dat ze niesde, schudde ze al mijn rode bloemen
de leraar kon het niet geloven toen we hem vertelden dat het kwam door niezen|de leraar kon het niet geloven toen we hem vertelden dat het kwam door niezen|de leraar kon het niet geloven toen we hem vertelden dat het kwam door niezen
de mistmoeder maakte een enkel lint met linten, knopen en kralen|de mistmoeder maakte een enkel lint met linten, knopen en kralen|de mistmoeder maakte een enkel lint met linten, knopen en kralen
de muizen wilden hun eigen kuilen graven|de muizen wilden hun eigen kuilen graven|de muizen wilden hun eigen kuilen graven
De neus werd plat op het gezicht|De neus werd plat op het gezicht|De neus werd plat op het gezicht
De nieuwe editie probeert naast de basisrecepten de basisvorm van een receptenboek te behouden|De nieuwe editie probeert naast de basisrecepten de basisvorm van een receptenboek te behouden|De nieuwe editie probeert naast de basisrecepten de basisvorm van een receptenboek te behouden
De nieuwe vlag verving de vlag die sindsdien in gebruik was|De nieuwe vlag verving de vlag die sindsdien in gebruik was|De nieuwe vlag verving de vlag die sindsdien in gebruik was
de oude man stond op en zei tegen zichzelf dat hij nooit zou opgeven|de oude man stond op en zei tegen zichzelf dat hij nooit zou opgeven|de oude man stond op en zei tegen zichzelf dat hij nooit zou opgeven
de pijl doorboorde het hart van de vogel en deed het grommen|de pijl doorboorde het hart van de vogel en deed het grommen|de pijl doorboorde het hart van de vogel en deed het grommen
de scheidsrechter gaf Anthony Laffor een penalty|de scheidsrechter gaf Anthony Laffor een penalty|de scheidsrechter gaf Anthony Laffor een penalty
De scheidsrechter gaf Evans een strafschop|De scheidsrechter gaf Evans een strafschop|De scheidsrechter gaf Evans een strafschop
De scheidsrechter gaf Real Madrid een strafschop|De scheidsrechter gaf Real Madrid een strafschop|De scheidsrechter gaf Real Madrid een strafschop
De scheidsrechter kende de strafvilla een strafschop toe|De scheidsrechter kende de strafvilla een strafschop toe|De scheidsrechter kende de strafvilla een strafschop toe
De scheidsrechter kende de trap toe aan Boris Savi|De scheidsrechter kende de trap toe aan Boris Savi|De scheidsrechter kende de trap toe aan Boris Savi
de scheidsrechter kende een penalty toe Stoke City|de scheidsrechter kende een penalty toe Stoke City|de scheidsrechter kende een penalty toe Stoke City
De sprinkhanen zeiden dat we naar de bladeren moesten zoeken|De sprinkhanen zeiden dat we naar de bladeren moesten zoeken|De sprinkhanen zeiden dat we naar de bladeren moesten zoeken
de teamcoach in plaats van sifiso mbhele verving bardard parker tijdens de wedstrijd|de teamcoach in plaats van sifiso mbhele verving bardard parker tijdens de wedstrijd|de teamcoach in plaats van sifiso mbhele verving bardard parker tijdens de wedstrijd
de temperaturen en wind zijn sterk in de haven|de temperaturen en wind zijn sterk in de haven|de temperaturen en wind zijn sterk in de haven
De temperaturen in New Hannover zijn graden met zware hagel|De temperaturen in New Hannover zijn graden met zware hagel|De temperaturen in New Hannover zijn graden met zware hagel
De tijger antwoordde dat we je gitaar hadden gepakt en je strategie kenden|De tijger antwoordde dat we je gitaar hadden gepakt en je strategie kenden|De tijger antwoordde dat we je gitaar hadden gepakt en je strategie kenden
De tour omvatte slechts vier games en één test per|De tour omvatte slechts vier games en één test per|De tour omvatte slechts vier games en één test per
De verdedigende speler schudde de bal en sloeg de bal met zijn hoofd|De verdedigende speler schudde de bal en sloeg de bal met zijn hoofd|De verdedigende speler schudde de bal en sloeg de bal met zijn hoofd
de volgende dag belde de tuinman kort daarna de leraar|de volgende dag belde de tuinman kort daarna de leraar|de volgende dag belde de tuinman kort daarna de leraar
De volgende ochtend schrok het konijn op van een geluid dat uit zijn deur kwam|De volgende ochtend schrok het konijn op van een geluid dat uit zijn deur kwam|De volgende ochtend schrok het konijn op van een geluid dat uit zijn deur kwam
de vrouw was al snel terug op het strand met de gave van beelden|de vrouw was al snel terug op het strand met de gave van beelden|de vrouw was al snel terug op het strand met de gave van beelden
de zwarte azen versloegen Chelsea door een puntloos gelijkspel in de penalty shootout|de zwarte azen versloegen Chelsea door een puntloos gelijkspel in de penalty shootout|de zwarte azen versloegen Chelsea door een puntloos gelijkspel in de penalty shootout
defensive back ukeagan dolly sloeg de bal met zijn hoofd|defensive back ukeagan dolly sloeg de bal met zijn hoofd|defensive back ukeagan dolly sloeg de bal met zijn hoofd
degenen die niet kunnen lezen, blijven hun fouten herhalen en schreeuwen|degenen die niet kunnen lezen, blijven hun fouten herhalen en schreeuwen|degenen die niet kunnen lezen, blijven hun fouten herhalen en schreeuwen
deze keer werd hij betaald met een goed stuk vlees|deze keer werd hij betaald met een goed stuk vlees|deze keer werd hij betaald met een goed stuk vlees
die drie leugens|die drie leugens|die drie leugens
die erg ongewijzigd blijft|die erg ongewijzigd blijft|die erg ongewijzigd blijft
die is samengesteld uit drie leden|die is samengesteld uit drie leden|die is samengesteld uit drie leden
die naar Europa gaat om zijn carrière voort te zetten|die naar Europa gaat om zijn carrière voort te zetten|die naar Europa gaat om zijn carrière voort te zetten
die ouders heeft verloren|die ouders heeft verloren|die ouders heeft verloren
dillon sheppard kreeg een gele kaart van de scheidsrechter|dillon sheppard kreeg een gele kaart van de scheidsrechter|dillon sheppard kreeg een gele kaart van de scheidsrechter
dit betekent dat het bedtijd is|dit betekent dat het bedtijd is|dit betekent dat het bedtijd is
Dit gerecht uit Kaapstad bestaat al eeuwen|Dit gerecht uit Kaapstad bestaat al eeuwen|Dit gerecht uit Kaapstad bestaat al eeuwen
Dit heeft uiteindelijk geleid tot de oprichting van een forum voor dialoog tussen India, Brazilië en Zuid-Afrika|Dit heeft uiteindelijk geleid tot de oprichting van een forum voor dialoog tussen India, Brazilië en Zuid-Afrika|Dit heeft uiteindelijk geleid tot de oprichting van een forum voor dialoog tussen India, Brazilië en Zuid-Afrika
dit is een zondagse ontbijt waar je van geniet met een koffiemok|dit is een zondagse ontbijt waar je van geniet met een koffiemok|dit is een zondagse ontbijt waar je van geniet met een koffiemok
dit maakt alle dieren bang voor de haan|dit maakt alle dieren bang voor de haan|dit maakt alle dieren bang voor de haan
dit maakte het nog moeilijker voor de regering om de ambtsperiode te behouden|dit maakte het nog moeilijker voor de regering om de ambtsperiode te behouden|dit maakte het nog moeilijker voor de regering om de ambtsperiode te behouden
Doelman Thulani Urero van de jongens blokkeerde een score in de wedstrijd|Doelman Thulani Urero van de jongens blokkeerde een score in de wedstrijd|Doelman Thulani Urero van de jongens blokkeerde een score in de wedstrijd
doet me denken aan onze appelboom en zei het antwoord|doet me denken aan onze appelboom en zei het antwoord|doet me denken aan onze appelboom en zei het antwoord
domino was wit met drie zwarte vlekken op zijn rug|domino was wit met drie zwarte vlekken op zijn rug|domino was wit met drie zwarte vlekken op zijn rug
door het voormalige Zuid-Afrikaanse bedrijf werd omgevormd tot een Zuid-Afrikaanse districtsunie|door het voormalige Zuid-Afrikaanse bedrijf werd omgevormd tot een Zuid-Afrikaanse districtsunie|door het voormalige Zuid-Afrikaanse bedrijf werd omgevormd tot een Zuid-Afrikaanse districtsunie
dunham kan je zoon meegaan met jesse|dunham kan je zoon meegaan met jesse|dunham kan je zoon meegaan met jesse
dus de mist liet de riem en de ijzers los|dus de mist liet de riem en de ijzers los|dus de mist liet de riem en de ijzers los
dus het geluid van het geld van de sjamaan is de prijs die je krijgt voor de zoete geur die hij stal|dus het geluid van het geld van de sjamaan is de prijs die je krijgt voor de zoete geur die hij stal|dus het geluid van het geld van de sjamaan is de prijs die je krijgt voor de zoete geur die hij stal
ebathurst graden zijn graden|ebathurst graden zijn graden|ebathurst graden zijn graden
ebetty s bay graden en er zijn harde wind|ebetty s bay graden en er zijn harde wind|ebetty s bay graden en er zijn harde wind
een nieuwe profeet heeft nieuwe wetten uit Jeruzalem meegebracht|een nieuwe profeet heeft nieuwe wetten uit Jeruzalem meegebracht|een nieuwe profeet heeft nieuwe wetten uit Jeruzalem meegebracht
eerst zal ik zwijgen|eerst zal ik zwijgen|eerst zal ik zwijgen
eindelijk was het tijd voor het avondeten|eindelijk was het tijd voor het avondeten|eindelijk was het tijd voor het avondeten
ekaapmuinden graden zijn graden|ekaapmuinden graden zijn graden|ekaapmuinden graden zijn graden
elk jaar in het tweede weekend van augustus komen duizenden mensen in grote aantallen bijeen|elk jaar in het tweede weekend van augustus komen duizenden mensen in grote aantallen bijeen|elk jaar in het tweede weekend van augustus komen duizenden mensen in grote aantallen bijeen
elke keer als ik klaar ben met baden in de hot tub|elke keer als ik klaar ben met baden in de hot tub|elke keer als ik klaar ben met baden in de hot tub
elke keer als ik klaar ben met baden in een warm bad|elke keer als ik klaar ben met baden in een warm bad|elke keer als ik klaar ben met baden in een warm bad
elke ochtend leidde hij de schapen naar de wei|elke ochtend leidde hij de schapen naar de wei|elke ochtend leidde hij de schapen naar de wei
elke ochtend vond de familie een gouden ei in het kippenhok|elke ochtend vond de familie een gouden ei in het kippenhok|elke ochtend vond de familie een gouden ei in het kippenhok
en aangezien hij geen piano had die met zijn vingers speelde, zong hij een lied|en aangezien hij geen piano had die met zijn vingers speelde, zong hij een lied|en aangezien hij geen piano had die met zijn vingers speelde, zong hij een lied
en de hagedis luisterde, giet water in een pot en zette het op het vuur|en de hagedis luisterde, giet water in een pot en zette het op het vuur|en de hagedis luisterde, giet water in een pot en zette het op het vuur
en dus moesten we die belofte nakomen|en dus moesten we die belofte nakomen|en dus moesten we die belofte nakomen
en het is groen|en het is groen|en het is groen
en het verhaal was zo lief dat ik in slaap viel|en het verhaal was zo lief dat ik in slaap viel|en het verhaal was zo lief dat ik in slaap viel
en hij begon langzaam op weg naar huis|en hij begon langzaam op weg naar huis|en hij begon langzaam op weg naar huis
en hij kwam er nooit achter hoe hij haar verliet om de race te winnen|en hij kwam er nooit achter hoe hij haar verliet om de race te winnen|en hij kwam er nooit achter hoe hij haar verliet om de race te winnen
en hij stond op en ging weg|en hij stond op en ging weg|en hij stond op en ging weg
en hij verspreidde het gerucht|en hij verspreidde het gerucht|en hij verspreidde het gerucht
en ik kan mijn ziel luidruchtiger maken|en ik kan mijn ziel luidruchtiger maken|en ik kan mijn ziel luidruchtiger maken
en je wilt het altijd in de overtreffende trap zien|en je wilt het altijd in de overtreffende trap zien|en je wilt het altijd in de overtreffende trap zien
en mijn neus ruikt naar kwallen die op de loer liggen in de keuken van mijn moeder|en mijn neus ruikt naar kwallen die op de loer liggen in de keuken van mijn moeder|en mijn neus ruikt naar kwallen die op de loer liggen in de keuken van mijn moeder
en mijn ogen zijn beter dan uw staven|en mijn ogen zijn beter dan uw staven|en mijn ogen zijn beter dan uw staven
en vloog weer met de hoofdring een symbool van een getrouwde vrouw|en vloog weer met de hoofdring een symbool van een getrouwde vrouw|en vloog weer met de hoofdring een symbool van een getrouwde vrouw
en ze hoorden een geluid|en ze hoorden een geluid|en ze hoorden een geluid
en ze verlieten zijn moeder zonder een woord te zeggen|en ze verlieten zijn moeder zonder een woord te zeggen|en ze verlieten zijn moeder zonder een woord te zeggen
enkele krokodillen omsingelden de mannen toen ze dichterbij kwamen|enkele krokodillen omsingelden de mannen toen ze dichterbij kwamen|enkele krokodillen omsingelden de mannen toen ze dichterbij kwamen
er is code-sharing en er is overeenstemming om de dienstregeling met South African Airways te coördineren|er is code-sharing en er is overeenstemming om de dienstregeling met South African Airways te coördineren|er is code-sharing en er is overeenstemming om de dienstregeling met South African Airways te coördineren
er staat een drinkglas voor het raam|er staat een drinkglas voor het raam|er staat een drinkglas voor het raam
er waren ook mannen met sterke gele hoeden|er waren ook mannen met sterke gele hoeden|er waren ook mannen met sterke gele hoeden
er waren rotsen aan weerszijden van de rivier|er waren rotsen aan weerszijden van de rivier|er waren rotsen aan weerszijden van de rivier
er wordt een konijn uit zijn boshuis gehaald|er wordt een konijn uit zijn boshuis gehaald|er wordt een konijn uit zijn boshuis gehaald
er zat een brief in|er zat een brief in|er zat een brief in
er zat een mijt achter de ziektekiemen|er zat een mijt achter de ziektekiemen|er zat een mijt achter de ziektekiemen
ereddersburg graden Celsius met harde wind|ereddersburg graden Celsius met harde wind|ereddersburg graden Celsius met harde wind
erustenburg graden graden met zware mist|erustenburg graden graden met zware mist|erustenburg graden graden met zware mist
eston villa en chlsea speelden donderdagavond samen in olympia park|eston villa en chlsea speelden donderdagavond samen in olympia park|eston villa en chlsea speelden donderdagavond samen in olympia park
Felix kreeg zelfs een gele kaart van de scheidsrechter|Felix kreeg zelfs een gele kaart van de scheidsrechter|Felix kreeg zelfs een gele kaart van de scheidsrechter
free state stars en chelsea spelen maandagavond in goble park|free state stars en chelsea spelen maandagavond in goble park|free state stars en chelsea spelen maandagavond in goble park
froome reed als lid van de bradley wiggins-groep|froome reed als lid van de bradley wiggins-groep|froome reed als lid van de bradley wiggins-groep
fulltime punten zijn niet aan beide kanten|fulltime punten zijn niet aan beide kanten|fulltime punten zijn niet aan beide kanten
ga naar het zuidoosten op de kerkstraat|ga naar het zuidoosten op de kerkstraat|ga naar het zuidoosten op de kerkstraat
ga weg ga weg samen|ga weg ga weg samen|ga weg ga weg samen
gerald phiri junior kreeg een rode kaart|gerald phiri junior kreeg een rode kaart|gerald phiri junior kreeg een rode kaart
giraffen in de tuin stonden te popelen om dicht bij deze groep mensen te komen|giraffen in de tuin stonden te popelen om dicht bij deze groep mensen te komen|giraffen in de tuin stonden te popelen om dicht bij deze groep mensen te komen
gluurde een beetje naar de deur|gluurde een beetje naar de deur|gluurde een beetje naar de deur
Golden Arrows en Stoke City speelden beide zaterdag in Outeniqua Park|Golden Arrows en Stoke City speelden beide zaterdag in Outeniqua Park|Golden Arrows en Stoke City speelden beide zaterdag in Outeniqua Park
graden Celsius graden Celsius en wind|graden Celsius graden Celsius en wind|graden Celsius graden Celsius en wind
graden Celsius zijn gevaarlijk|graden Celsius zijn gevaarlijk|graden Celsius zijn gevaarlijk
graden onder de graad van ecradock en mist|graden onder de graad van ecradock en mist|graden onder de graad van ecradock en mist
haar man rolde langzaam zijn houten kist in de rivier|haar man rolde langzaam zijn houten kist in de rivier|haar man rolde langzaam zijn houten kist in de rivier
hawu hawu het is niet meer leuk hij blafte domino die onder het bed vandaan sprong|hawu hawu het is niet meer leuk hij blafte domino die onder het bed vandaan sprong|hawu hawu het is niet meer leuk hij blafte domino die onder het bed vandaan sprong
heeft alle vrouwen ontmoet die hij over planten en planten leerde|heeft alle vrouwen ontmoet die hij over planten en planten leerde|heeft alle vrouwen ontmoet die hij over planten en planten leerde
Help alsjeblieft de sinaasappelboom om groter te worden en geef ons meer rijpe sinaasappels|Help alsjeblieft de sinaasappelboom om groter te worden en geef ons meer rijpe sinaasappels|Help alsjeblieft de sinaasappelboom om groter te worden en geef ons meer rijpe sinaasappels
help me hij zei hijgend dat er iets in de put zit|help me hij zei hijgend dat er iets in de put zit|help me hij zei hijgend dat er iets in de put zit
Het antwoord was om een ​​pompoen te bakken en deze op smaak te brengen met suiker en kaneel|Het antwoord was om een ​​pompoen te bakken en deze op smaak te brengen met suiker en kaneel|Het antwoord was om een ​​pompoen te bakken en deze op smaak te brengen met suiker en kaneel
het fladderde met zijn vleugels, maakte een krassend geluid en viel dood neer|het fladderde met zijn vleugels, maakte een krassend geluid en viel dood neer|het fladderde met zijn vleugels, maakte een krassend geluid en viel dood neer
het is beter omdat meneer Mandela nog leeft|het is beter omdat meneer Mandela nog leeft|het is beter omdat meneer Mandela nog leeft
het is drie maanden en twintig dagen|het is drie maanden en twintig dagen|het is drie maanden en twintig dagen
het is niet in erg goede staat|het is niet in erg goede staat|het is niet in erg goede staat
het is overal het bewijs van rijkdom en leeftijd|het is overal het bewijs van rijkdom en leeftijd|het is overal het bewijs van rijkdom en leeftijd
het klonk als een ruzie|het klonk als een ruzie|het klonk als een ruzie
het konijn schepte niet meer op, vooral de eekhoorn|het konijn schepte niet meer op, vooral de eekhoorn|het konijn schepte niet meer op, vooral de eekhoorn
het kostte hem graden in de vorm van wolken|het kostte hem graden in de vorm van wolken|het kostte hem graden in de vorm van wolken
het kostte hem graden tot graden en het bedekte de wolken|het kostte hem graden tot graden en het bedekte de wolken|het kostte hem graden tot graden en het bedekte de wolken
het nijlpaard bleef huilen en mijn haar brandde tot op de grond|het nijlpaard bleef huilen en mijn haar brandde tot op de grond|het nijlpaard bleef huilen en mijn haar brandde tot op de grond
het varken wil niet over het hek springen en het wordt nu donker|het varken wil niet over het hek springen en het wordt nu donker|het varken wil niet over het hek springen en het wordt nu donker
het veranderde snel in een gesneden beeld|het veranderde snel in een gesneden beeld|het veranderde snel in een gesneden beeld
het was gemaakt van een mengsel van lamsvlees en varkensvlees|het was gemaakt van een mengsel van lamsvlees en varkensvlees|het was gemaakt van een mengsel van lamsvlees en varkensvlees
het werd opgericht door Lucas Mangope, de leider van het huis van de mensen, en ze zaten erin vast|het werd opgericht door Lucas Mangope, de leider van het huis van de mensen, en ze zaten erin vast|het werd opgericht door Lucas Mangope, de leider van het huis van de mensen, en ze zaten erin vast
het zat in een open, zachte plastic bak en was bedekt met een doek|het zat in een open, zachte plastic bak en was bedekt met een doek|het zat in een open, zachte plastic bak en was bedekt met een doek
hete moeder|hete moeder|hete moeder
hier is een melkveehouder met een grote zak kaas|hier is een melkveehouder met een grote zak kaas|hier is een melkveehouder met een grote zak kaas
Hier staat hij op de weg om geen tijd door te brengen op weg naar de studentenstad|Hier staat hij op de weg om geen tijd door te brengen op weg naar de studentenstad|Hier staat hij op de weg om geen tijd door te brengen op weg naar de studentenstad
hierdoor kregen ze instructies van een andere luchthaven|hierdoor kregen ze instructies van een andere luchthaven|hierdoor kregen ze instructies van een andere luchthaven
hij at en zei opgewonden dat hij aan het rusten was toen hij thuiskwam|hij at en zei opgewonden dat hij aan het rusten was toen hij thuiskwam|hij at en zei opgewonden dat hij aan het rusten was toen hij thuiskwam
Hij blafte en blafte totdat hij eindelijk de ezel wist te ontwijken|Hij blafte en blafte totdat hij eindelijk de ezel wist te ontwijken|Hij blafte en blafte totdat hij eindelijk de ezel wist te ontwijken
hij blies mijn hoed af|hij blies mijn hoed af|hij blies mijn hoed af
hij draaide zich om om het hotel binnen te gaan|hij draaide zich om om het hotel binnen te gaan|hij draaide zich om om het hotel binnen te gaan
hij droeg een lappenpop|hij droeg een lappenpop|hij droeg een lappenpop
hij ging naar buiten en keek rond om te zien wie het daar had neergezet|hij ging naar buiten en keek rond om te zien wie het daar had neergezet|hij ging naar buiten en keek rond om te zien wie het daar had neergezet
hij haastte zich langs het konijn dat op het zaad lag, maar stopte toen hij de jakhals bereikte|hij haastte zich langs het konijn dat op het zaad lag, maar stopte toen hij de jakhals bereikte|hij haastte zich langs het konijn dat op het zaad lag, maar stopte toen hij de jakhals bereikte
hij had vandaag helemaal geen grappen|hij had vandaag helemaal geen grappen|hij had vandaag helemaal geen grappen
hij herinnert zich nog de grote race tussen het konijn en de schildpad|hij herinnert zich nog de grote race tussen het konijn en de schildpad|hij herinnert zich nog de grote race tussen het konijn en de schildpad
hij hield ook van schilderen en schilderde wanneer hij de tijd had|hij hield ook van schilderen en schilderde wanneer hij de tijd had|hij hield ook van schilderen en schilderde wanneer hij de tijd had
hij hoorde een jakhals op zijn rug springen|hij hoorde een jakhals op zijn rug springen|hij hoorde een jakhals op zijn rug springen
hij hoorde nog een geluid|hij hoorde nog een geluid|hij hoorde nog een geluid
hij keek naar het leven van een plaatselijke zakenman en hij begon het enorm te waarderen|hij keek naar het leven van een plaatselijke zakenman en hij begon het enorm te waarderen|hij keek naar het leven van een plaatselijke zakenman en hij begon het enorm te waarderen
hij keek naar zijn schapen en kreunde|hij keek naar zijn schapen en kreunde|hij keek naar zijn schapen en kreunde
hij kon het alleen houden als hij de eigenaar niet vond|hij kon het alleen houden als hij de eigenaar niet vond|hij kon het alleen houden als hij de eigenaar niet vond
hij maakt een grapje, meneer, een die hij niet zo goed kan zeggen|hij maakt een grapje, meneer, een die hij niet zo goed kan zeggen|hij maakt een grapje, meneer, een die hij niet zo goed kan zeggen
hij maakte ook een mooie ketting voor de mist|hij maakte ook een mooie ketting voor de mist|hij maakte ook een mooie ketting voor de mist
hij nam het aan en bedankte haar respectvol|hij nam het aan en bedankte haar respectvol|hij nam het aan en bedankte haar respectvol
hij nam zijn jas en zijn rode hoed aan|hij nam zijn jas en zijn rode hoed aan|hij nam zijn jas en zijn rode hoed aan
hij opende onmiddellijk zijn koffer en haalde de overgebleven stukjes brood eruit|hij opende onmiddellijk zijn koffer en haalde de overgebleven stukjes brood eruit|hij opende onmiddellijk zijn koffer en haalde de overgebleven stukjes brood eruit
hij rende naar de schuur en haalde een plank tevoorschijn|hij rende naar de schuur en haalde een plank tevoorschijn|hij rende naar de schuur en haalde een plank tevoorschijn
hij rende weg en liet zijn akker zakken en keek over het hek|hij rende weg en liet zijn akker zakken en keek over het hek|hij rende weg en liet zijn akker zakken en keek over het hek
hij riep onmiddellijk een nieuwe bijeenkomst van alle dieren bijeen|hij riep onmiddellijk een nieuwe bijeenkomst van alle dieren bijeen|hij riep onmiddellijk een nieuwe bijeenkomst van alle dieren bijeen
hij schreeuwde het uit van grote schrik tot hij hardop lachte|hij schreeuwde het uit van grote schrik tot hij hardop lachte|hij schreeuwde het uit van grote schrik tot hij hardop lachte
hij schudde zijn hoofd en hief zijn kin op en tikte met zijn poten|hij schudde zijn hoofd en hief zijn kin op en tikte met zijn poten|hij schudde zijn hoofd en hief zijn kin op en tikte met zijn poten
hij sliep onder zijn bescherming zo lief als een kind|hij sliep onder zijn bescherming zo lief als een kind|hij sliep onder zijn bescherming zo lief als een kind
hij sprong op een van de jongensvoeten en sloeg hem hard|hij sprong op een van de jongensvoeten en sloeg hem hard|hij sprong op een van de jongensvoeten en sloeg hem hard
hij strompelde naar huis in de pijn van de hongerdood, hij maakte zich grote zorgen over de jakhals|hij strompelde naar huis in de pijn van de hongerdood, hij maakte zich grote zorgen over de jakhals|hij strompelde naar huis in de pijn van de hongerdood, hij maakte zich grote zorgen over de jakhals
hij stuurde zijn dieren om het lawaai in het meer hier in het bos te onderdrukken|hij stuurde zijn dieren om het lawaai in het meer hier in het bos te onderdrukken|hij stuurde zijn dieren om het lawaai in het meer hier in het bos te onderdrukken
hij vertelde hen niet over zijn droom die hem in zijn hart deed glimlachen|hij vertelde hen niet over zijn droom die hem in zijn hart deed glimlachen|hij vertelde hen niet over zijn droom die hem in zijn hart deed glimlachen
hij vertelde hun niet over zijn droom die hem zo bang maakte|hij vertelde hun niet over zijn droom die hem zo bang maakte|hij vertelde hun niet over zijn droom die hem zo bang maakte
hij was er zeker van dat geduld niet onbeleefd of respectloos zou zijn|hij was er zeker van dat geduld niet onbeleefd of respectloos zou zijn|hij was er zeker van dat geduld niet onbeleefd of respectloos zou zijn
hij was vijf dagen oud|hij was vijf dagen oud|hij was vijf dagen oud
hij wilde de leeuw niet zien lijden, dorstig en stervend van honger|hij wilde de leeuw niet zien lijden, dorstig en stervend van honger|hij wilde de leeuw niet zien lijden, dorstig en stervend van honger
hij wilde meneer Mandela persoonlijk ontmoeten en de hand schudden|hij wilde meneer Mandela persoonlijk ontmoeten en de hand schudden|hij wilde meneer Mandela persoonlijk ontmoeten en de hand schudden
hij zag de kinderen van het varken in de modder spelen|hij zag de kinderen van het varken in de modder spelen|hij zag de kinderen van het varken in de modder spelen
hij zag een gezicht naar haar kijken|hij zag een gezicht naar haar kijken|hij zag een gezicht naar haar kijken
hij zag jeanne even flauwvallen|hij zag jeanne even flauwvallen|hij zag jeanne even flauwvallen
hij zei dat ik dacht dat dit maar een droom was|hij zei dat ik dacht dat dit maar een droom was|hij zei dat ik dacht dat dit maar een droom was
hmm wees voorzichtig, zei de jakhals|hmm wees voorzichtig, zei de jakhals|hmm wees voorzichtig, zei de jakhals
hoe beklemmend de hitte ook was geweest, het was nu nog beklemmender|hoe beklemmend de hitte ook was geweest, het was nu nog beklemmender|hoe beklemmend de hitte ook was geweest, het was nu nog beklemmender
hoe je rundvlees kookt|hoe je rundvlees kookt|hoe je rundvlees kookt
hoeveel projecten zijn er afgerond|hoeveel projecten zijn er afgerond|hoeveel projecten zijn er afgerond
hoog in de lucht hoestte en niesde hij en liet het zaad vallen|hoog in de lucht hoestte en niesde hij en liet het zaad vallen|hoog in de lucht hoestte en niesde hij en liet het zaad vallen
hou hem in de gaten|hou hem in de gaten|hou hem in de gaten
hun liefde brandde met toenemende helderheid|hun liefde brandde met toenemende helderheid|hun liefde brandde met toenemende helderheid
iedereen schudde het hoofd|iedereen schudde het hoofd|iedereen schudde het hoofd
ifc barcelona speelde gelijkmatig met melodieën bij zonsondergang|ifc barcelona speelde gelijkmatig met melodieën bij zonsondergang|ifc barcelona speelde gelijkmatig met melodieën bij zonsondergang
ifc barcelona versloeg West Bromwich Albion net op tijd voor een penalty shootout|ifc barcelona versloeg West Bromwich Albion net op tijd voor een penalty shootout|ifc barcelona versloeg West Bromwich Albion net op tijd voor een penalty shootout
Ik ben de enige die gekwalificeerd is om de bewaarder van de wereld te zijn|Ik ben de enige die gekwalificeerd is om de bewaarder van de wereld te zijn|Ik ben de enige die gekwalificeerd is om de bewaarder van de wereld te zijn
Ik ben de hele dag alleen in het veld geweest|Ik ben de hele dag alleen in het veld geweest|Ik ben de hele dag alleen in het veld geweest
Ik ben een haas en hij schudt mijn hand|Ik ben een haas en hij schudt mijn hand|Ik ben een haas en hij schudt mijn hand
Ik ben je mistige neefje|Ik ben je mistige neefje|Ik ben je mistige neefje
Ik ben nu misschien moe, maar ik ben nog steeds sneller en sterker dan jij|Ik ben nu misschien moe, maar ik ben nog steeds sneller en sterker dan jij|Ik ben nu misschien moe, maar ik ben nog steeds sneller en sterker dan jij
Ik ben opgevoed zoals de meeste meisjes op Hawaï zijn opgevoed|Ik ben opgevoed zoals de meeste meisjes op Hawaï zijn opgevoed|Ik ben opgevoed zoals de meeste meisjes op Hawaï zijn opgevoed
Ik ben slimmer dan wie dan ook in de stad die leest|Ik ben slimmer dan wie dan ook in de stad die leest|Ik ben slimmer dan wie dan ook in de stad die leest
Ik denk dat ook ik je kan overwinnen door te rennen|Ik denk dat ook ik je kan overwinnen door te rennen|Ik denk dat ook ik je kan overwinnen door te rennen
Ik geloof dat je die manier van spreken in India hebt gevonden|Ik geloof dat je die manier van spreken in India hebt gevonden|Ik geloof dat je die manier van spreken in India hebt gevonden
Ik heb scherpe tanden en klauwen, zei de leeuw|Ik heb scherpe tanden en klauwen, zei de leeuw|Ik heb scherpe tanden en klauwen, zei de leeuw
Ik hield van dit geweldige en leerzame verhaal en blijf goede verhalen voor ons schrijven|Ik hield van dit geweldige en leerzame verhaal en blijf goede verhalen voor ons schrijven|Ik hield van dit geweldige en leerzame verhaal en blijf goede verhalen voor ons schrijven
Ik kan de auto repareren want ik heb een plank in de schuur|Ik kan de auto repareren want ik heb een plank in de schuur|Ik kan de auto repareren want ik heb een plank in de schuur
Ik maak vandaag geen nieuwe kleren|Ik maak vandaag geen nieuwe kleren|Ik maak vandaag geen nieuwe kleren
Ik speel alleen in wat lijkt op een spel dat niet zal worden gewonnen|Ik speel alleen in wat lijkt op een spel dat niet zal worden gewonnen|Ik speel alleen in wat lijkt op een spel dat niet zal worden gewonnen
Ik vond een schommel die het oedeem verklaarde|Ik vond een schommel die het oedeem verklaarde|Ik vond een schommel die het oedeem verklaarde
Ik was de enige die nog over was|Ik was de enige die nog over was|Ik was de enige die nog over was
Ik was zijn beste vriend, zei de melkveehouder|Ik was zijn beste vriend, zei de melkveehouder|Ik was zijn beste vriend, zei de melkveehouder
Ik werk hier vlakbij, waar je iets te eten kunt vinden, zei de man|Ik werk hier vlakbij, waar je iets te eten kunt vinden, zei de man|Ik werk hier vlakbij, waar je iets te eten kunt vinden, zei de man
Ik wil dit kaasbrood, dacht hij, zei de jakhals|Ik wil dit kaasbrood, dacht hij, zei de jakhals|Ik wil dit kaasbrood, dacht hij, zei de jakhals
Ik zal beginnen met het tellen van alle krokodillen en daarna alle konijnen|Ik zal beginnen met het tellen van alle krokodillen en daarna alle konijnen|Ik zal beginnen met het tellen van alle krokodillen en daarna alle konijnen
Ik zal je mijn wagen geven en jij geeft me je plank|Ik zal je mijn wagen geven en jij geeft me je plank|Ik zal je mijn wagen geven en jij geeft me je plank
Ik zal niet weglopen om de korte benen van een oude man te winnen|Ik zal niet weglopen om de korte benen van een oude man te winnen|Ik zal niet weglopen om de korte benen van een oude man te winnen
Ik zie dat jij ook van schilderen houdt|Ik zie dat jij ook van schilderen houdt|Ik zie dat jij ook van schilderen houdt
Ik zie je morgen bij zonsopgang bij deze poort|Ik zie je morgen bij zonsopgang bij deze poort|Ik zie je morgen bij zonsopgang bij deze poort
Ik zorg ervoor dat het statief altijd uitleg geeft over de informatie|Ik zorg ervoor dat het statief altijd uitleg geeft over de informatie|Ik zorg ervoor dat het statief altijd uitleg geeft over de informatie
in Barrington zijn de temperaturen onder de graden|in Barrington zijn de temperaturen onder de graden|in Barrington zijn de temperaturen onder de graden
in cradock graden graden staat er een lichte bries|in cradock graden graden staat er een lichte bries|in cradock graden graden staat er een lichte bries
in dat geval zou het alarm dat vader usmuts erg ongerust zou zijn geweest|in dat geval zou het alarm dat vader usmuts erg ongerust zou zijn geweest|in dat geval zou het alarm dat vader usmuts erg ongerust zou zijn geweest
in de eredivisie versloegen kaizer-leiders de piraten met een score van vier|in de eredivisie versloegen kaizer-leiders de piraten met een score van vier|in de eredivisie versloegen kaizer-leiders de piraten met een score van vier
in de FIFA World Cup versloeg West Ham United Leicester City door een puntloos gelijkspel|in de FIFA World Cup versloeg West Ham United Leicester City door een puntloos gelijkspel|in de FIFA World Cup versloeg West Ham United Leicester City door een puntloos gelijkspel
In de FIFA World Cup werd Manchester United met punten verslagen door Manchester City|In de FIFA World Cup werd Manchester United met punten verslagen door Manchester City|In de FIFA World Cup werd Manchester United met punten verslagen door Manchester City
in de hoorncompetitie spoelden de chefs de piraten met een score van vier|in de hoorncompetitie spoelden de chefs de piraten met een score van vier|in de hoorncompetitie spoelden de chefs de piraten met een score van vier
in de hoorncompetitie spoelden de orlando-piraten de jomo-kosmos met punten aan|in de hoorncompetitie spoelden de orlando-piraten de jomo-kosmos met punten aan|in de hoorncompetitie spoelden de orlando-piraten de jomo-kosmos met punten aan
in de hoorncompetitie spoelden de orlando-piraten die door Polokwane City werden verslagen door een score hierin|in de hoorncompetitie spoelden de orlando-piraten die door Polokwane City werden verslagen door een score hierin|in de hoorncompetitie spoelden de orlando-piraten die door Polokwane City werden verslagen door een score hierin
in de hoorncompetitie werden de bidvests met vier punten verslagen door kaizer-leiders|in de hoorncompetitie werden de bidvests met vier punten verslagen door kaizer-leiders|in de hoorncompetitie werden de bidvests met vier punten verslagen door kaizer-leiders
in de play-offs werd het bidvest verstand geslagen door kaizer leiders met vier punten|in de play-offs werd het bidvest verstand geslagen door kaizer leiders met vier punten|in de play-offs werd het bidvest verstand geslagen door kaizer leiders met vier punten
in de tweede fase van het vertrek van Londen naar Johannesburg in Zuid-Afrika|in de tweede fase van het vertrek van Londen naar Johannesburg in Zuid-Afrika|in de tweede fase van het vertrek van Londen naar Johannesburg in Zuid-Afrika
in een cirkel op het trottoir neemt u de derde afslag|in een cirkel op het trottoir neemt u de derde afslag|in een cirkel op het trottoir neemt u de derde afslag
in het veld op de boerderij graasde de kameel van het paard altijd rustig|in het veld op de boerderij graasde de kameel van het paard altijd rustig|in het veld op de boerderij graasde de kameel van het paard altijd rustig
in het vliegtuig was een babyolifant gewikkeld in een grote deken|in het vliegtuig was een babyolifant gewikkeld in een grote deken|in het vliegtuig was een babyolifant gewikkeld in een grote deken
in philippolis zijn de temperaturen graden|in philippolis zijn de temperaturen graden|in philippolis zijn de temperaturen graden
In plaats van de leeuwenkoning stond een olifantenvrouw naar hem te staren|In plaats van de leeuwenkoning stond een olifantenvrouw naar hem te staren|In plaats van de leeuwenkoning stond een olifantenvrouw naar hem te staren
in psl chippa united versloeg maritzburg verenigd door een score van nee|in psl chippa united versloeg maritzburg verenigd door een score van nee|in psl chippa united versloeg maritzburg verenigd door een score van nee
in psl gouden pijlen verslaan polokwane stad in extra tijd door punten naar|in psl gouden pijlen verslaan polokwane stad in extra tijd door punten naar|in psl gouden pijlen verslaan polokwane stad in extra tijd door punten naar
in psl platina werden sterren verslagen door chippa verenigd door punten|in psl platina werden sterren verslagen door chippa verenigd door punten|in psl platina werden sterren verslagen door chippa verenigd door punten
in psl University of Pretoria versloeg platina-sterren met een score van|in psl University of Pretoria versloeg platina-sterren met een score van|in psl University of Pretoria versloeg platina-sterren met een score van
in psl versloeg jomo cosmos de universiteit van pretoria met vier punten|in psl versloeg jomo cosmos de universiteit van pretoria met vier punten|in psl versloeg jomo cosmos de universiteit van pretoria met vier punten
in psl-wedstrijden versloeg maritzburg united met een puntloos gelijkspel Ajax Kaapstad|in psl-wedstrijden versloeg maritzburg united met een puntloos gelijkspel Ajax Kaapstad|in psl-wedstrijden versloeg maritzburg united met een puntloos gelijkspel Ajax Kaapstad
in Sandton wordt het vanmiddag koud en nat|in Sandton wordt het vanmiddag koud en nat|in Sandton wordt het vanmiddag koud en nat
In september kondigde de mediator de oplossing van het geschil aan|In september kondigde de mediator de oplossing van het geschil aan|In september kondigde de mediator de oplossing van het geschil aan
in september kondigde de omroeper zijn ontslag aan na opnieuw te zijn opgeroepen door het nationaal uitvoerend comité van de anc|in september kondigde de omroeper zijn ontslag aan na opnieuw te zijn opgeroepen door het nationaal uitvoerend comité van de anc|in september kondigde de omroeper zijn ontslag aan na opnieuw te zijn opgeroepen door het nationaal uitvoerend comité van de anc
in september kondigde een bemiddelaar een oplossing voor de onrust aan|in september kondigde een bemiddelaar een oplossing voor de onrust aan|in september kondigde een bemiddelaar een oplossing voor de onrust aan
in Spanje versloeg finale Europese kampioen derde plaats nederland na verlenging|in Spanje versloeg finale Europese kampioen derde plaats nederland na verlenging|in Spanje versloeg finale Europese kampioen derde plaats nederland na verlenging
in Spanje versloeg finale Europese kampioenen derde plaats nederland|in Spanje versloeg finale Europese kampioenen derde plaats nederland|in Spanje versloeg finale Europese kampioenen derde plaats nederland
in supersport united league verslagen door jomo cosmos met vier punten|in supersport united league verslagen door jomo cosmos met vier punten|in supersport united league verslagen door jomo cosmos met vier punten
In Zuid-Afrika is het woord gekleurd racistisch en verwijst het naar mensen met een gemengde etnische achtergrond|In Zuid-Afrika is het woord gekleurd racistisch en verwijst het naar mensen met een gemengde etnische achtergrond|In Zuid-Afrika is het woord gekleurd racistisch en verwijst het naar mensen met een gemengde etnische achtergrond
in Zuid-Afrika is potjiekos een extern gekookte stoofpot|in Zuid-Afrika is potjiekos een extern gekookte stoofpot|in Zuid-Afrika is potjiekos een extern gekookte stoofpot
ja, zo zijn alle mindere dieren van vandaag rein|ja, zo zijn alle mindere dieren van vandaag rein|ja, zo zijn alle mindere dieren van vandaag rein
je hebt geen scherpe tanden zoals de mijne|je hebt geen scherpe tanden zoals de mijne|je hebt geen scherpe tanden zoals de mijne
je hebt waarschijnlijk al mijn rijpe sinaasappel|je hebt waarschijnlijk al mijn rijpe sinaasappel|je hebt waarschijnlijk al mijn rijpe sinaasappel
je hoeft geen lange benen te hebben om een ​​race te winnen, weet je|je hoeft geen lange benen te hebben om een ​​race te winnen, weet je|je hoeft geen lange benen te hebben om een ​​race te winnen, weet je
je kent het goede land dat dichtbij was|je kent het goede land dat dichtbij was|je kent het goede land dat dichtbij was
je kool ziet er geweldig uit|je kool ziet er geweldig uit|je kool ziet er geweldig uit
je kunt met mij zwemmen|je kunt met mij zwemmen|je kunt met mij zwemmen
Je leraar heeft ons deze kleuren geleerd, blauw, blauw, groen en zwart|Je leraar heeft ons deze kleuren geleerd, blauw, blauw, groen en zwart|Je leraar heeft ons deze kleuren geleerd, blauw, blauw, groen en zwart
je moest de pot op je hoofd dragen|je moest de pot op je hoofd dragen|je moest de pot op je hoofd dragen
je moest een touw om zijn nek binden en het achter je aan trekken|je moest een touw om zijn nek binden en het achter je aan trekken|je moest een touw om zijn nek binden en het achter je aan trekken
je wilt echt slim zijn, je voelt zoveel dat je met succes doorstaat|je wilt echt slim zijn, je voelt zoveel dat je met succes doorstaat|je wilt echt slim zijn, je voelt zoveel dat je met succes doorstaat
joja hield er helemaal niet van om een ​​luipaard te zijn|joja hield er helemaal niet van om een ​​luipaard te zijn|joja hield er helemaal niet van om een ​​luipaard te zijn
Jongensdoelman Jackson Mabokgwane blokkeerde de wedstrijd|Jongensdoelman Jackson Mabokgwane blokkeerde de wedstrijd|Jongensdoelman Jackson Mabokgwane blokkeerde de wedstrijd
justin jacobus kreeg een waarschuwing van de scheidsrechter|justin jacobus kreeg een waarschuwing van de scheidsrechter|justin jacobus kreeg een waarschuwing van de scheidsrechter
Kaapse Maleisische huizen verkopen koisteristen voor een half dozijn of dozijn op zondagochtend|Kaapse Maleisische huizen verkopen koisteristen voor een half dozijn of dozijn op zondagochtend|Kaapse Maleisische huizen verkopen koisteristen voor een half dozijn of dozijn op zondagochtend
kameraden maakten deel uit van de soep strikas-spellen|kameraden maakten deel uit van de soep strikas-spellen|kameraden maakten deel uit van de soep strikas-spellen
kauwt blauw|kauwt blauw|kauwt blauw
keek naar mijn hoed op een oude granaatappelboom|keek naar mijn hoed op een oude granaatappelboom|keek naar mijn hoed op een oude granaatappelboom
kempton park golfbaan staat bekend als een club waar ernie els golfen hebben leren spelen|kempton park golfbaan staat bekend als een club waar ernie els golfen hebben leren spelen|kempton park golfbaan staat bekend als een club waar ernie els golfen hebben leren spelen
Khalai wordt wakker en praat met de sinaasappelboom|Khalai wordt wakker en praat met de sinaasappelboom|Khalai wordt wakker en praat met de sinaasappelboom
Kimberly-temperaturen zijn 2 graden|Kimberly-temperaturen zijn 2 graden|Kimberly-temperaturen zijn 2 graden
knielde voor haar neer en vroeg haar om zijn vrouw te worden|knielde voor haar neer en vroeg haar om zijn vrouw te worden|knielde voor haar neer en vroeg haar om zijn vrouw te worden
kom bij ons studeren|kom bij ons studeren|kom bij ons studeren
kool ter grootte van het hoofd van een baby verscheen en de bonen kwamen door het hek omhoog|kool ter grootte van het hoofd van een baby verscheen en de bonen kwamen door het hek omhoog|kool ter grootte van het hoofd van een baby verscheen en de bonen kwamen door het hek omhoog
kwam hier beneden, zei mijn vriend de chauffeur|kwam hier beneden, zei mijn vriend de chauffeur|kwam hier beneden, zei mijn vriend de chauffeur
laat hem het volledige bedrag zien|laat hem het volledige bedrag zien|laat hem het volledige bedrag zien
laat hem je gouden ster houden, zei hij|laat hem je gouden ster houden, zei hij|laat hem je gouden ster houden, zei hij
laat me een bh tsotsi zoeken en dat stuk papier pakken|laat me een bh tsotsi zoeken en dat stuk papier pakken|laat me een bh tsotsi zoeken en dat stuk papier pakken
lachte de arend deze dieren konden alleen de dieren op de grond zien|lachte de arend deze dieren konden alleen de dieren op de grond zien|lachte de arend deze dieren konden alleen de dieren op de grond zien
laten we zwemmen, zei het geschenk|laten we zwemmen, zei het geschenk|laten we zwemmen, zei het geschenk
Later hoorde een rijke man over dit magische penseel|Later hoorde een rijke man over dit magische penseel|Later hoorde een rijke man over dit magische penseel
maak je geen zorgen vrienden hij is de kleinzoon van mijn grootvader|maak je geen zorgen vrienden hij is de kleinzoon van mijn grootvader|maak je geen zorgen vrienden hij is de kleinzoon van mijn grootvader
maak je geen zorgen, hij zei dat hij met een plan liep|maak je geen zorgen, hij zei dat hij met een plan liep|maak je geen zorgen, hij zei dat hij met een plan liep
maak je ontbijt af, zei oma|maak je ontbijt af, zei oma|maak je ontbijt af, zei oma
Macdougall klopte wantrouwend op zijn voorhoofd met zijn dikke wijsvinger|Macdougall klopte wantrouwend op zijn voorhoofd met zijn dikke wijsvinger|Macdougall klopte wantrouwend op zijn voorhoofd met zijn dikke wijsvinger
maggoze droomde ervan piloot te worden|maggoze droomde ervan piloot te worden|maggoze droomde ervan piloot te worden
Manchester United versloeg Manchester City door Manchester United|Manchester United versloeg Manchester City door Manchester United|Manchester United versloeg Manchester City door Manchester United
mannen die het verdragen noemen het een levende dood|mannen die het verdragen noemen het een levende dood|mannen die het verdragen noemen het een levende dood
Maritzburg United versloeg Swansea City door een puntloos gelijkspel na strafschoppen|Maritzburg United versloeg Swansea City door een puntloos gelijkspel na strafschoppen|Maritzburg United versloeg Swansea City door een puntloos gelijkspel na strafschoppen
Markeer welke pet ik vandaag draag|Markeer welke pet ik vandaag draag|Markeer welke pet ik vandaag draag
Meneer Konijn keek op en zag de man in het blauwe uniform|Meneer Konijn keek op en zag de man in het blauwe uniform|Meneer Konijn keek op en zag de man in het blauwe uniform
Meneer Konijn kijkt naar de nieuwe folder|Meneer Konijn kijkt naar de nieuwe folder|Meneer Konijn kijkt naar de nieuwe folder
Meneer Konijn zag mensen in de rij staan ​​om in de taxi te stappen|Meneer Konijn zag mensen in de rij staan ​​om in de taxi te stappen|Meneer Konijn zag mensen in de rij staan ​​om in de taxi te stappen
mengt nu het hele mengsel van andere variëteiten|mengt nu het hele mengsel van andere variëteiten|mengt nu het hele mengsel van andere variëteiten
met het geluid van geldschieters is de echte beloning die je krijgt voor een gestolen zoete geur|met het geluid van geldschieters is de echte beloning die je krijgt voor een gestolen zoete geur|met het geluid van geldschieters is de echte beloning die je krijgt voor een gestolen zoete geur
meteorologische diensten voorspellen de kans op een milde oostenwind|meteorologische diensten voorspellen de kans op een milde oostenwind|meteorologische diensten voorspellen de kans op een milde oostenwind
Meteorologische diensten voorspellen regenval in de noordwestelijke provincie|Meteorologische diensten voorspellen regenval in de noordwestelijke provincie|Meteorologische diensten voorspellen regenval in de noordwestelijke provincie
meteorologische diensten voorspellen regenval in de westelijke kaap|meteorologische diensten voorspellen regenval in de westelijke kaap|meteorologische diensten voorspellen regenval in de westelijke kaap
meter nemen west|meter nemen west|meter nemen west
meters draaien naar rechts en houden dan links aan|meters draaien naar rechts en houden dan links aan|meters draaien naar rechts en houden dan links aan
middenvelder koper gopane trapte schoppen in de hoek|middenvelder koper gopane trapte schoppen in de hoek|middenvelder koper gopane trapte schoppen in de hoek
middenvelder Tshepang Machedi trapte de bal in de doelpaal|middenvelder Tshepang Machedi trapte de bal in de doelpaal|middenvelder Tshepang Machedi trapte de bal in de doelpaal
mijn naam is pauline|mijn naam is pauline|mijn naam is pauline
mijn pet werd ondersteund door een tak van een oude pijnboom|mijn pet werd ondersteund door een tak van een oude pijnboom|mijn pet werd ondersteund door een tak van een oude pijnboom
mijn vriend Glory houdt van voetbal|mijn vriend Glory houdt van voetbal|mijn vriend Glory houdt van voetbal
morgen ga ik achter die beer aan, zei hij|morgen ga ik achter die beer aan, zei hij|morgen ga ik achter die beer aan, zei hij
morgen is het zondag en eten we alleen kool als avondeten|morgen is het zondag en eten we alleen kool als avondeten|morgen is het zondag en eten we alleen kool als avondeten
na een tijdje zie je een uil|na een tijdje zie je een uil|na een tijdje zie je een uil
naar welk artikel u verwijst|naar welk artikel u verwijst|naar welk artikel u verwijst
naast zijn zijde glinsterden de witte slagtanden van een wolfshond|naast zijn zijde glinsterden de witte slagtanden van een wolfshond|naast zijn zijde glinsterden de witte slagtanden van een wolfshond
nee het doet het gewoon niet|nee het doet het gewoon niet|nee het doet het gewoon niet
neem voor deze kilometers de afslag naar links|neem voor deze kilometers de afslag naar links|neem voor deze kilometers de afslag naar links
neem voor deze kilometers r naar harrismith|neem voor deze kilometers r naar harrismith|neem voor deze kilometers r naar harrismith
neem voor deze kilometers r noordwaarts|neem voor deze kilometers r noordwaarts|neem voor deze kilometers r noordwaarts
negenennegentig|negenennegentig|negenennegentig
niet door die trucs, zei ululu|niet door die trucs, zei ululu|niet door die trucs, zei ululu
O arm varken|O arm varken|O arm varken
oh daar regent het weer|oh daar regent het weer|oh daar regent het weer
oh het was zo comfortabel het was zo warm dat het me niet stoorde|oh het was zo comfortabel het was zo warm dat het me niet stoorde|oh het was zo comfortabel het was zo warm dat het me niet stoorde
oh jij leugenaar denk je dat ik je weer kan geloven|oh jij leugenaar denk je dat ik je weer kan geloven|oh jij leugenaar denk je dat ik je weer kan geloven
Oh mijn baby, zei mijn moeder met een geruststellende stem|Oh mijn baby, zei mijn moeder met een geruststellende stem|Oh mijn baby, zei mijn moeder met een geruststellende stem
oh mijn heer zei zijn vader|oh mijn heer zei zijn vader|oh mijn heer zei zijn vader
oh nee zei de stad|oh nee zei de stad|oh nee zei de stad
oh zei hij opgewonden|oh zei hij opgewonden|oh zei hij opgewonden
ok zei, weet je, laten we een wedstrijd houden|ok zei, weet je, laten we een wedstrijd houden|ok zei, weet je, laten we een wedstrijd houden
onder graden graden in de Earlington zijn er ook harde wind|onder graden graden in de Earlington zijn er ook harde wind|onder graden graden in de Earlington zijn er ook harde wind
onderweg moesten ze over een kort kamphekje springen|onderweg moesten ze over een kort kamphekje springen|onderweg moesten ze over een kort kamphekje springen
onze jurk is niet langer mooi|onze jurk is niet langer mooi|onze jurk is niet langer mooi
oolong-atol was honderdveertig mijl in omtrek|oolong-atol was honderdveertig mijl in omtrek|oolong-atol was honderdveertig mijl in omtrek
op de markt sprak hij met iedereen|op de markt sprak hij met iedereen|op de markt sprak hij met iedereen
Op een dag kwamen alle dieren bij elkaar|Op een dag kwamen alle dieren bij elkaar|Op een dag kwamen alle dieren bij elkaar
op een dag kwamen de soldaten|op een dag kwamen de soldaten|op een dag kwamen de soldaten
op een dag reed hij haar van school naar huis|op een dag reed hij haar van school naar huis|op een dag reed hij haar van school naar huis
op een dag tijdens de hongersnood nodigde het konijn zijn vriend uit om te komen spelen|op een dag tijdens de hongersnood nodigde het konijn zijn vriend uit om te komen spelen|op een dag tijdens de hongersnood nodigde het konijn zijn vriend uit om te komen spelen
op een ochtend verscheen er een rattenmoeras op de kop in riet op de oever van de rivier|op een ochtend verscheen er een rattenmoeras op de kop in riet op de oever van de rivier|op een ochtend verscheen er een rattenmoeras op de kop in riet op de oever van de rivier
op een regenachtige dag werd de speer van een tijger nat|op een regenachtige dag werd de speer van een tijger nat|op een regenachtige dag werd de speer van een tijger nat
op en neer springen|op en neer springen|op en neer springen
op het strand op maandag de dag van maart|op het strand op maandag de dag van maart|op het strand op maandag de dag van maart
op hogere graden valt er zware hagel|op hogere graden valt er zware hagel|op hogere graden valt er zware hagel
op vrijdag vertelt de leraar in jou dat we onze verhalen aan de klas moeten vertellen|op vrijdag vertelt de leraar in jou dat we onze verhalen aan de klas moeten vertellen|op vrijdag vertelt de leraar in jou dat we onze verhalen aan de klas moeten vertellen
oranjekleurige sinaasappels|oranjekleurige sinaasappels|oranjekleurige sinaasappels
over te portia modise|over te portia modise|over te portia modise
pas op dat u het niet breekt|pas op dat u het niet breekt|pas op dat u het niet breekt
per kilometer breng n naar de kolen|per kilometer breng n naar de kolen|per kilometer breng n naar de kolen
Plots verscheen er een oude vrouw|Plots verscheen er een oude vrouw|Plots verscheen er een oude vrouw
plotseling zag hij een pilre geschilderd als een schilderij in de lucht|plotseling zag hij een pilre geschilderd als een schilderij in de lucht|plotseling zag hij een pilre geschilderd als een schilderij in de lucht
Port Shepstone Temperaturen beneden graden, er zijn onweersbuien in sommige gebieden|Port Shepstone Temperaturen beneden graden, er zijn onweersbuien in sommige gebieden|Port Shepstone Temperaturen beneden graden, er zijn onweersbuien in sommige gebieden
praat er met uw kinderen over|praat er met uw kinderen over|praat er met uw kinderen over
santie houdt van jurken|santie houdt van jurken|santie houdt van jurken
schoonheid en cadeau en liefde gaan uit en spelen|schoonheid en cadeau en liefde gaan uit en spelen|schoonheid en cadeau en liefde gaan uit en spelen
slechts een maand voor de start van de FIFA World Cup|slechts een maand voor de start van de FIFA World Cup|slechts een maand voor de start van de FIFA World Cup
slim en problematisch|slim en problematisch|slim en problematisch
soms werden ze gearresteerd en soms werden ze geslagen|soms werden ze gearresteerd en soms werden ze geslagen|soms werden ze gearresteerd en soms werden ze geslagen
sorry maar ik kan je niet blijven bevrijden|sorry maar ik kan je niet blijven bevrijden|sorry maar ik kan je niet blijven bevrijden
speel goed, goede koningen|speel goed, goede koningen|speel goed, goede koningen
sprong de jongen|sprong de jongen|sprong de jongen
Standerton-temperaturen zijn graden Celsius|Standerton-temperaturen zijn graden Celsius|Standerton-temperaturen zijn graden Celsius
supersport united league versloeg jomo cosmos met vier punten|supersport united league versloeg jomo cosmos met vier punten|supersport united league versloeg jomo cosmos met vier punten
tegelijkertijd besloot de domino bovenop de kleerkast te springen|tegelijkertijd besloot de domino bovenop de kleerkast te springen|tegelijkertijd besloot de domino bovenop de kleerkast te springen
teken een foto van de scène en teken een tekstballon voor de oude dame|teken een foto van de scène en teken een tekstballon voor de oude dame|teken een foto van de scène en teken een tekstballon voor de oude dame
temperaturen iniesiesfontein graden zijn ook aanwezig in vochtigheid|temperaturen iniesiesfontein graden zijn ook aanwezig in vochtigheid|temperaturen iniesiesfontein graden zijn ook aanwezig in vochtigheid
temperaturen zonder regen in Port Elizabeth|temperaturen zonder regen in Port Elizabeth|temperaturen zonder regen in Port Elizabeth
ten slotte stopte de taxichauffeur bij de rang|ten slotte stopte de taxichauffeur bij de rang|ten slotte stopte de taxichauffeur bij de rang
tenslotte slikte hij alle schors en schors van de zon naar binnen|tenslotte slikte hij alle schors en schors van de zon naar binnen|tenslotte slikte hij alle schors en schors van de zon naar binnen
terwijl ze in de klas zitten komt de aap naar buiten|terwijl ze in de klas zitten komt de aap naar buiten|terwijl ze in de klas zitten komt de aap naar buiten
Thabo Thaba Mataba van de jongens blokkeerde de wedstrijd|Thabo Thaba Mataba van de jongens blokkeerde de wedstrijd|Thabo Thaba Mataba van de jongens blokkeerde de wedstrijd
Thabo Thababa, de doelman van de jongens, scoorde een hattrick in de wedstrijd|Thabo Thababa, de doelman van de jongens, scoorde een hattrick in de wedstrijd|Thabo Thababa, de doelman van de jongens, scoorde een hattrick in de wedstrijd
Thoko legde huilend haar weg naar huis uit van school|Thoko legde huilend haar weg naar huis uit van school|Thoko legde huilend haar weg naar huis uit van school
tijdens de eerste helft is de score dat niet|tijdens de eerste helft is de score dat niet|tijdens de eerste helft is de score dat niet
tijdens de eerste helft punten|tijdens de eerste helft punten|tijdens de eerste helft punten
tijdens het feest at en dronk het konijn tot hij danste|tijdens het feest at en dronk het konijn tot hij danste|tijdens het feest at en dronk het konijn tot hij danste
Tijdens zijn ambtsperiode groeide de economie dit jaar gemiddeld|Tijdens zijn ambtsperiode groeide de economie dit jaar gemiddeld|Tijdens zijn ambtsperiode groeide de economie dit jaar gemiddeld
toen de leraar zich omdraaide, was er niemand in de klas|toen de leraar zich omdraaide, was er niemand in de klas|toen de leraar zich omdraaide, was er niemand in de klas
toen de organisatie werd gevormd|toen de organisatie werd gevormd|toen de organisatie werd gevormd
toen hij wakker werd was hij er niet, maar hij had een zucht in zijn hart achtergelaten|toen hij wakker werd was hij er niet, maar hij had een zucht in zijn hart achtergelaten|toen hij wakker werd was hij er niet, maar hij had een zucht in zijn hart achtergelaten
toen ik het deksel van de pot open sloeg|toen ik het deksel van de pot open sloeg|toen ik het deksel van de pot open sloeg
toen trok hij de reche r uit de vingers van het konijn|toen trok hij de reche r uit de vingers van het konijn|toen trok hij de reche r uit de vingers van het konijn
Toen ze aankwamen, dacht ik dat de jakhals was teruggekeerd naar de bush|Toen ze aankwamen, dacht ik dat de jakhals was teruggekeerd naar de bush|Toen ze aankwamen, dacht ik dat de jakhals was teruggekeerd naar de bush
Toen ze bij de rivier kwamen, wisselden ze van houding en het konijn beviel op de rug van een schildpad|Toen ze bij de rivier kwamen, wisselden ze van houding en het konijn beviel op de rug van een schildpad|Toen ze bij de rivier kwamen, wisselden ze van houding en het konijn beviel op de rug van een schildpad
tota verstopte zich achter het bord|tota verstopte zich achter het bord|tota verstopte zich achter het bord
Tussen hem en de zee was de stad omgeven door suikerriet|Tussen hem en de zee was de stad omgeven door suikerriet|Tussen hem en de zee was de stad omgeven door suikerriet
twee dagen geleden ontdekte jeanne waar de mannen van haar vader zaten|twee dagen geleden ontdekte jeanne waar de mannen van haar vader zaten|twee dagen geleden ontdekte jeanne waar de mannen van haar vader zaten
ulamboo en zhoola waren in de war|ulamboo en zhoola waren in de war|ulamboo en zhoola waren in de war
Uncanda had hem in de race achtergelaten|Uncanda had hem in de race achtergelaten|Uncanda had hem in de race achtergelaten
Usibusiso Masina duwde de bal naar voren|Usibusiso Masina duwde de bal naar voren|Usibusiso Masina duwde de bal naar voren
utefo masiteng gaf de bal door aan de film karuru|utefo masiteng gaf de bal door aan de film karuru|utefo masiteng gaf de bal door aan de film karuru
uw brief is op tijd aangekomen|uw brief is op tijd aangekomen|uw brief is op tijd aangekomen
uw man heeft ons gestuurd om uw hoofdring te brengen|uw man heeft ons gestuurd om uw hoofdring te brengen|uw man heeft ons gestuurd om uw hoofdring te brengen
uw toorn overweldigt mij|uw toorn overweldigt mij|uw toorn overweldigt mij
valse instructies leiden u uit het vliegtuig op de weg|valse instructies leiden u uit het vliegtuig op de weg|valse instructies leiden u uit het vliegtuig op de weg
vanavond betaal ik je een goed salaris|vanavond betaal ik je een goed salaris|vanavond betaal ik je een goed salaris
verpakt of besprenkeld met gedroogde kokos|verpakt of besprenkeld met gedroogde kokos|verpakt of besprenkeld met gedroogde kokos
vertelde mijn moeder hem|vertelde mijn moeder hem|vertelde mijn moeder hem
verzonden naar de scheidsrechter ontving een waarschuwing van de scheidsrechter|verzonden naar de scheidsrechter ontving een waarschuwing van de scheidsrechter|verzonden naar de scheidsrechter ontving een waarschuwing van de scheidsrechter
virgil vries kreeg een gele kaart van de scheidsrechter|virgil vries kreeg een gele kaart van de scheidsrechter|virgil vries kreeg een gele kaart van de scheidsrechter
vleugelspeler unoah sadaoui trapte de bal in de doelpaal|vleugelspeler unoah sadaoui trapte de bal in de doelpaal|vleugelspeler unoah sadaoui trapte de bal in de doelpaal
vlinders zitten op de ruggen en koppen van krokodillen|vlinders zitten op de ruggen en koppen van krokodillen|vlinders zitten op de ruggen en koppen van krokodillen
volg mijn kind|volg mijn kind|volg mijn kind
volg r een afstand van mijlen|volg r een afstand van mijlen|volg r een afstand van mijlen
voor nu ga ik magie inademen|voor nu ga ik magie inademen|voor nu ga ik magie inademen
Voorafgaand aan de afwijzing van de sportsamenwerking had Zuid-Afrika de controle over de samenwerkingsvoorwaarden tot het jaar van|Voorafgaand aan de afwijzing van de sportsamenwerking had Zuid-Afrika de controle over de samenwerkingsvoorwaarden tot het jaar van|Voorafgaand aan de afwijzing van de sportsamenwerking had Zuid-Afrika de controle over de samenwerkingsvoorwaarden tot het jaar van
voorheen was het in dezelfde groep opgenomen, hoewel het niet gerelateerd was aan de soort|voorheen was het in dezelfde groep opgenomen, hoewel het niet gerelateerd was aan de soort|voorheen was het in dezelfde groep opgenomen, hoewel het niet gerelateerd was aan de soort
Vusi schreeuwde tegen zijn grootmoeder|Vusi schreeuwde tegen zijn grootmoeder|Vusi schreeuwde tegen zijn grootmoeder
waar ga je naar toe|waar ga je naar toe|waar ga je naar toe
waarom is dit zoutwit|waarom is dit zoutwit|waarom is dit zoutwit
waarom ze zo effectief werken|waarom ze zo effectief werken|waarom ze zo effectief werken
walvissen en haaien kunnen alleen zeedieren zien|walvissen en haaien kunnen alleen zeedieren zien|walvissen en haaien kunnen alleen zeedieren zien
wanneer gaat haar vader op vakantie|wanneer gaat haar vader op vakantie|wanneer gaat haar vader op vakantie
wanneer het spel wordt gespeeld|wanneer het spel wordt gespeeld|wanneer het spel wordt gespeeld
wanneer win je het toernooi|wanneer win je het toernooi|wanneer win je het toernooi
was hij de architect van het huis|was hij de architect van het huis|was hij de architect van het huis
wat een schuimleger om achter de ziektekiemen te jagen|wat een schuimleger om achter de ziektekiemen te jagen|wat een schuimleger om achter de ziektekiemen te jagen
wat ga je morgen doen|wat ga je morgen doen|wat ga je morgen doen
wat het woord betekent|wat het woord betekent|wat het woord betekent
wat is de context van het hoger onderwijs|wat is de context van het hoger onderwijs|wat is de context van het hoger onderwijs
wat is er met australië gebeurd|wat is er met australië gebeurd|wat is er met australië gebeurd
waterbloemen worden gebruikt om stoofpot van te maken|waterbloemen worden gebruikt om stoofpot van te maken|waterbloemen worden gebruikt om stoofpot van te maken
we gingen allemaal naar een eerlijke beurs|we gingen allemaal naar een eerlijke beurs|we gingen allemaal naar een eerlijke beurs
we kunnen de rijen krijgen als je klaar bent|we kunnen de rijen krijgen als je klaar bent|we kunnen de rijen krijgen als je klaar bent
we renden het huis uit|we renden het huis uit|we renden het huis uit
we zien geen jakhals, zei een ander|we zien geen jakhals, zei een ander|we zien geen jakhals, zei een ander
we zien je verf en er zit een gat in|we zien je verf en er zit een gat in|we zien je verf en er zit een gat in
we zullen moeten doen alsof we erger praten dan hij nadrukkelijk zei|we zullen moeten doen alsof we erger praten dan hij nadrukkelijk zei|we zullen moeten doen alsof we erger praten dan hij nadrukkelijk zei
we zullen spelen|we zullen spelen|we zullen spelen
Weerdiensten hebben een waarschuwing afgegeven voor hevige regenval|Weerdiensten hebben een waarschuwing afgegeven voor hevige regenval|Weerdiensten hebben een waarschuwing afgegeven voor hevige regenval
Weerdiensten hebben overstromingswaarschuwingen afgegeven in laaggelegen gebieden|Weerdiensten hebben overstromingswaarschuwingen afgegeven in laaggelegen gebieden|Weerdiensten hebben overstromingswaarschuwingen afgegeven in laaggelegen gebieden
wees naar een geel huis met een blauw dak|wees naar een geel huis met een blauw dak|wees naar een geel huis met een blauw dak
wie is de minister van onderwijs|wie is de minister van onderwijs|wie is de minister van onderwijs
wie was de gouverneur van de provincie KwaZulu-Natal|wie was de gouverneur van de provincie KwaZulu-Natal|wie was de gouverneur van de provincie KwaZulu-Natal
ze begon tselane mijn kind te zingen|ze begon tselane mijn kind te zingen|ze begon tselane mijn kind te zingen
ze hadden een enorm vuur aangestoken dat de vlammen in het donker ontstak|ze hadden een enorm vuur aangestoken dat de vlammen in het donker ontstak|ze hadden een enorm vuur aangestoken dat de vlammen in het donker ontstak
ze hoorden een luid gebrul|ze hoorden een luid gebrul|ze hoorden een luid gebrul
ze kwamen met alles wat ze konden vinden om te helpen sinds de jakhals weg was|ze kwamen met alles wat ze konden vinden om te helpen sinds de jakhals weg was|ze kwamen met alles wat ze konden vinden om te helpen sinds de jakhals weg was
ze lachten tot ze een man op blote voeten zagen rennen|ze lachten tot ze een man op blote voeten zagen rennen|ze lachten tot ze een man op blote voeten zagen rennen
ze leunden op zijn schouders terwijl ze zongen en elke vogel trok zijn aandacht|ze leunden op zijn schouders terwijl ze zongen en elke vogel trok zijn aandacht|ze leunden op zijn schouders terwijl ze zongen en elke vogel trok zijn aandacht
ze nam het aan en bedankte hem respectvol|ze nam het aan en bedankte hem respectvol|ze nam het aan en bedankte hem respectvol
ze praatten soms terwijl ze aten in een huis met een blauw dak|ze praatten soms terwijl ze aten in een huis met een blauw dak|ze praatten soms terwijl ze aten in een huis met een blauw dak
ze schaamde zich zo omdat iedereen haar zonder broek aan zag rondrennen|ze schaamde zich zo omdat iedereen haar zonder broek aan zag rondrennen|ze schaamde zich zo omdat iedereen haar zonder broek aan zag rondrennen
ze sloegen elkaar op het hoofd|ze sloegen elkaar op het hoofd|ze sloegen elkaar op het hoofd
ze staken een vuur aan om de kou buiten te houden|ze staken een vuur aan om de kou buiten te houden|ze staken een vuur aan om de kou buiten te houden
ze vertelde hen niet over haar droom die haar in haar hart deed glimlachen|ze vertelde hen niet over haar droom die haar in haar hart deed glimlachen|ze vertelde hen niet over haar droom die haar in haar hart deed glimlachen
ze vertelde hen wat er in de keuken gebeurde|ze vertelde hen wat er in de keuken gebeurde|ze vertelde hen wat er in de keuken gebeurde
ze werden officieel een land in tien van de meest raciaal onafhankelijke staten en werden bantustans genoemd|ze werden officieel een land in tien van de meest raciaal onafhankelijke staten en werden bantustans genoemd|ze werden officieel een land in tien van de meest raciaal onafhankelijke staten en werden bantustans genoemd
ze woonden in het oosten voordat ze bij ons in Johannesburg kwamen wonen|ze woonden in het oosten voordat ze bij ons in Johannesburg kwamen wonen|ze woonden in het oosten voordat ze bij ons in Johannesburg kwamen wonen
ze zei tegen mijn baby dat hij te voet naar huis moest gaan|ze zei tegen mijn baby dat hij te voet naar huis moest gaan|ze zei tegen mijn baby dat hij te voet naar huis moest gaan
ze zou een goede vrouw zijn voor de kassamedewerker|ze zou een goede vrouw zijn voor de kassamedewerker|ze zou een goede vrouw zijn voor de kassamedewerker
zei de grote man met een luide kreet|zei de grote man met een luide kreet|zei de grote man met een luide kreet
zei de olifant met zijn trompet dat ze er misschien beter zouden uitzien in een andere kleur|zei de olifant met zijn trompet dat ze er misschien beter zouden uitzien in een andere kleur|zei de olifant met zijn trompet dat ze er misschien beter zouden uitzien in een andere kleur
zei meneer Konijn terwijl hij een halve wortel in zijn zak propte|zei meneer Konijn terwijl hij een halve wortel in zijn zak propte|zei meneer Konijn terwijl hij een halve wortel in zijn zak propte
zeiden de mannen terwijl ze liepen|zeiden de mannen terwijl ze liepen|zeiden de mannen terwijl ze liepen
zij zullen vliegen als een arend|zij zullen vliegen als een arend|zij zullen vliegen als een arend
zijn beste vriend was een goudsmid met prachtig goud en geel goud|zijn beste vriend was een goudsmid met prachtig goud en geel goud|zijn beste vriend was een goudsmid met prachtig goud en geel goud
zijn ingewanden brulden als een leeuw, en hij had duidelijk honger|zijn ingewanden brulden als een leeuw, en hij had duidelijk honger|zijn ingewanden brulden als een leeuw, en hij had duidelijk honger
zoutgesteente graden in graden en hevige hagel|zoutgesteente graden in graden en hevige hagel|zoutgesteente graden in graden en hevige hagel
zullen ze ongeslagen eindigen|zullen ze ongeslagen eindigen|zullen ze ongeslagen eindigen
zwarte azen speelden gelijk met fc barcelona|zwarte azen speelden gelijk met fc barcelona|zwarte azen speelden gelijk met fc barcelona
één niveau met sneeuw en sprays in sutherland|één niveau met sneeuw en sprays in sutherland|één niveau met sneeuw en sprays in sutherland
